url	channel	err	http_status	attempts
https://www.putian.gov.cn/zfxxgk/bmzfxxgk/ptstjj/zfxxgk/fdzdgknr/tjx/tjgb_20383/201503/t20150304_564904.htm	zfxxgk/bmzfxxgk/ptstjj/zfxxgk/fdzdgknr/tjx/tjgb_20383	404	404	2
https://www.putian.gov.cn/zfxxgk/bmzfxxgk/ptstjj/zfxxgk/fdzdgknr/tjx/tjgb_20383/201603/t20160307_565797.htm	zfxxgk/bmzfxxgk/ptstjj/zfxxgk/fdzdgknr/tjx/tjgb_20383	404	404	2
https://www.putian.gov.cn/zfxxgk/bmzfxxgk/ptstjj/zfxxgk/fdzdgknr/tjx/tjgb_20383/201703/t20170309_566846.htm	zfxxgk/bmzfxxgk/ptstjj/zfxxgk/fdzdgknr/tjx/tjgb_20383	404	404	2
https://www.putian.gov.cn/zfxxgk/bmzfxxgk/ptstjj/zfxxgk/fdzdgknr/tjx/tjgb_20383/201804/t20180402_963501.htm	zfxxgk/bmzfxxgk/ptstjj/zfxxgk/fdzdgknr/tjx/tjgb_20383	404	404	2
https://www.putian.gov.cn/zfxxgkzl/bmzfxxgk/ptcg/zfxxgkzl/zfxxgkml/jgszzyznbscx/201904/t20190423_1318037.htm	zfxxgkzl/bmzfxxgk/ptcg/zfxxgkzl/zfxxgkml/jgszzyznbscx	404	404	1
http://czj.putian.gov.cn/ztlm/sjyjsgkpt/bmyjsgk/bmjs/201909/t20190927_1406687.htm	ztlm/sjyjsgkpt/bmyjsgk/bmjs	404	404	2
http://czj.putian.gov.cn/ztlm/sjyjsgkpt/bmyjsgk/bmjs/201909/t20190929_1406956.htm	ztlm/sjyjsgkpt/bmyjsgk/bmjs	404	404	2
http://czj.putian.gov.cn/ztlm/sjyjsgkpt/bmyjsgk/bmjs/202009/t20200928_1527831.htm	ztlm/sjyjsgkpt/bmyjsgk/bmjs	404	404	2
http://czj.putian.gov.cn/ztlm/sjyjsgkpt/bmyjsgk/bmjs/202109/t20210929_1653505.htm	ztlm/sjyjsgkpt/bmyjsgk/bmjs	404	404	2
http://czj.putian.gov.cn/ztlm/sjyjsgkpt/bmyjsgk/bmjs/202109/t20210929_1653934.htm	ztlm/sjyjsgkpt/bmyjsgk/bmjs	404	404	2
http://czj.putian.gov.cn/ztlm/sjyjsgkpt/bmyjsgk/bmjs/202202/t20220221_1706994.htm	ztlm/sjyjsgkpt/bmyjsgk/bmjs	404	404	2
http://czj.putian.gov.cn/ztlm/sjyjsgkpt/bmyjsgk/bmjs/202209/t20220929_1756156.htm	ztlm/sjyjsgkpt/bmyjsgk/bmjs	404	404	2
http://czj.putian.gov.cn/ztlm/sjyjsgkpt/bmyjsgk/bmjs/202309/t20230926_1869666.htm	ztlm/sjyjsgkpt/bmyjsgk/bmjs	404	404	2
http://czj.putian.gov.cn/ztlm/sjyjsgkpt/bmyjsgk/bmjs/202310/t20231007_1871588.htm	ztlm/sjyjsgkpt/bmyjsgk/bmjs	404	404	2
http://czj.putian.gov.cn/ztlm/sjyjsgkpt/bmyjsgk/bmys/202302/t20230224_1801668.htm	ztlm/sjyjsgkpt/bmyjsgk/bmys	404	404	2
http://czj.putian.gov.cn/ztlm/sjyjsgkpt/dwyjsgk/dwjs/202305/t20230525_1821450.htm	ztlm/sjyjsgkpt/dwyjsgk/dwjs	404	404	2
http://czj.putian.gov.cn/ztlm/sjyjsgkpt/dwyjsgk/dwjs/202309/t20230926_1869682.htm	ztlm/sjyjsgkpt/dwyjsgk/dwjs	404	404	2
http://czj.putian.gov.cn/ztlm/sjyjsgkpt/dwyjsgk/dwjs/202309/t20230926_1869720.htm	ztlm/sjyjsgkpt/dwyjsgk/dwjs	404	404	2
http://czj.putian.gov.cn/ztlm/sjyjsgkpt/dwyjsgk/dwjs/202310/t20231010_1872730.htm	ztlm/sjyjsgkpt/dwyjsgk/dwjs	404	404	2
http://czj.putian.gov.cn/ztlm/sjyjsgkpt/dwyjsgk/dwjs/202310/t20231010_1872731.htm	ztlm/sjyjsgkpt/dwyjsgk/dwjs	404	404	2
http://czj.putian.gov.cn/ztlm/sjyjsgkpt/dwyjsgk/dwjs/202310/t20231010_1872733.htm	ztlm/sjyjsgkpt/dwyjsgk/dwjs	404	404	2
http://czj.putian.gov.cn/ztlm/sjyjsgkpt/dwyjsgk/dwjs/202310/t20231010_1872734.htm	ztlm/sjyjsgkpt/dwyjsgk/dwjs	404	404	2
http://czj.putian.gov.cn/ztlm/sjyjsgkpt/dwyjsgk/dwjs/202310/t20231010_1872737.htm	ztlm/sjyjsgkpt/dwyjsgk/dwjs	404	404	2
http://czj.putian.gov.cn/ztlm/sjyjsgkpt/dwyjsgk/dwjs/202310/t20231010_1872739.htm	ztlm/sjyjsgkpt/dwyjsgk/dwjs	404	404	2
http://czj.putian.gov.cn/ztlm/sjyjsgkpt/dwyjsgk/dwjs/202310/t20231010_1872740.htm	ztlm/sjyjsgkpt/dwyjsgk/dwjs	404	404	2
http://czj.putian.gov.cn/ztlm/sjyjsgkpt/dwyjsgk/dwjs/202310/t20231010_1872742.htm	ztlm/sjyjsgkpt/dwyjsgk/dwjs	404	404	2
http://czj.putian.gov.cn/ztlm/sjyjsgkpt/dwyjsgk/dwys/202302/t20230224_1801670.htm	ztlm/sjyjsgkpt/dwyjsgk/dwys	404	404	2
http://czj.putian.gov.cn/ztlm/sjyjsgkpt/dwyjsgk/dwys/202302/t20230224_1801671.htm	ztlm/sjyjsgkpt/dwyjsgk/dwys	404	404	2
http://czj.putian.gov.cn/ztlm/sjyjsgkpt/dwyjsgk/dwys/202302/t20230224_1801672.htm	ztlm/sjyjsgkpt/dwyjsgk/dwys	404	404	2
http://czj.putian.gov.cn/ztlm/sjyjsgkpt/dwyjsgk/dwys/202302/t20230224_1801673.htm	ztlm/sjyjsgkpt/dwyjsgk/dwys	404	404	2
https://www.putian.gov.cn/zwgk/ptdt/ldhd/202308/t20230828_1847780.htm	zwgk/ptdt/ldhd	404	404	2
https://www.putian.gov.cn/zwgk/ptdt/ptyw/201610/t20161027_498156.htm	zwgk/ptdt/ptyw	404	404	2
https://www.putian.gov.cn/zwgk/ptdt/ptyw/201610/t20161028_498257.htm	zwgk/ptdt/ptyw	404	404	2
https://www.putian.gov.cn/zwgk/ptdt/ptyw/201610/t20161028_498258.htm	zwgk/ptdt/ptyw	404	404	2
https://www.putian.gov.cn/zwgk/ptdt/ptyw/201610/t20161028_498259.htm	zwgk/ptdt/ptyw	404	404	2
https://www.putian.gov.cn/zwgk/ptdt/ptyw/201612/t20161208_505785.htm	zwgk/ptdt/ptyw	404	404	2
https://www.putian.gov.cn/zwgk/ptdt/ptyw/201703/t20170310_515558.htm	zwgk/ptdt/ptyw	404	404	2
https://www.putian.gov.cn/zwgk/ptdt/ptyw/201703/t20170314_515813.htm	zwgk/ptdt/ptyw	404	404	2
https://www.putian.gov.cn/zwgk/ptdt/ptyw/201703/t20170317_516107.htm	zwgk/ptdt/ptyw	404	404	2
https://www.putian.gov.cn/zwgk/ptdt/ptyw/201703/t20170320_516186.htm	zwgk/ptdt/ptyw	404	404	2
https://www.putian.gov.cn/zwgk/ptdt/ptyw/201703/t20170331_523571.htm	zwgk/ptdt/ptyw	404	404	2
https://www.putian.gov.cn/zwgk/ptdt/ptyw/201704/t20170419_525487.htm	zwgk/ptdt/ptyw	404	404	2
https://www.putian.gov.cn/zwgk/ptdt/ptyw/201704/t20170421_525801.htm	zwgk/ptdt/ptyw	404	404	2
https://www.putian.gov.cn/zwgk/ptdt/ptyw/201705/t20170504_536135.htm	zwgk/ptdt/ptyw	404	404	2
https://www.putian.gov.cn/zwgk/ptdt/ptyw/201705/t20170510_536726.htm	zwgk/ptdt/ptyw	404	404	2
https://www.putian.gov.cn/zwgk/ptdt/ptyw/201705/t20170515_537056.htm	zwgk/ptdt/ptyw	404	404	2
https://www.putian.gov.cn/zwgk/tzgg/202204/t20220406_1716176.htm	zwgk/tzgg	404	404	2
https://www.putian.gov.cn/zwgk/zdlyxxgk/czzj/bmyjs/sjys/202512/t20251203_2035118.htm	zwgk/zdlyxxgk/czzj/bmyjs/sjys	404	404	2
https://www.putian.gov.cn/zwgk/zdlyxxgk/shgysyjsly/zhsgjyly/gzdt/202608/t20260826_2231302.htm	zwgk/zdlyxxgk/shgysyjsly/zhsgjyly/gzdt	404	404	2
https://www.putian.gov.cn/zwgk/zxwjs/szfbwj/201909/t20190923_1405374.htm	zwgk/zxwjs/szfbwj	404	404	1
