url	from_url	note
http://112.5.193.48:8200/outweb/main.htm	direct:/zwgk/zdlyxxgk/ggzypzly/zfbzly/bzxajgcjsjh/	enum-other-site
http://112.5.193.48:8200/outweb/main.htm	direct:/zwgk/zdlyxxgk/ggzypzly/zfbzly/bzxzftcxx/	enum-other-site
http://220.160.53.33:8903/PT	direct:/zwgk/zdlyxxgk/jycy/gwykl/	enum-other-site
http://czt.fujian.gov.cn/zfxxgk/fdzdgknr/gfxwj/szgl/202105/t20210508_5598990.htm	direct:/zwgk/zdlyxxgk/jsjfssyhzcgkzl/	enum-other-site
http://fgw.fujian.gov.cn/zfxxgkzl/zfxxgkml/ghjh/202511/t20251127_7039804.htm	direct:/zwgk/ghxx/zxgh/	enum-other-site
http://fgw.fujian.gov.cn/zfxxgkzl/zfxxgkml/yzdgkdqtxx/202008/t20200810_5351558.htm	direct:/zwgk/zdlyxxgk/xzsysf/sfbz/	enum-other-site
http://fujian.chinatax.gov.cn/ssxc/sszt/ssxczcjd/zcjdjdzt/202108/t20210803_419116.htm	direct:/zwgk/zdlyxxgk/jsjfssyhzcgkzl/	enum-other-site
http://fujian.chinatax.gov.cn/ssxc/sszt/ssxczcjd/zcjdjdzt/202108/t20210803_419119.htm	direct:/zwgk/zdlyxxgk/jsjfssyhzcgkzl/	enum-other-site
http://fujian.chinatax.gov.cn/ssxc/sszt/ssxczcjd/zcjdjdzt/202108/t20210803_419122.htm	direct:/zwgk/zdlyxxgk/jsjfssyhzcgkzl/	enum-other-site
http://gwykl.fujian.gov.cn/Portal/pt	direct:/zwgk/zdlyxxgk/jycy/gwykl/	enum-other-site
http://nynct.fujian.gov.cn/ztzl/zzcsqjtszglbgfhtbgfgbzczybwczydwtwhqzly/zjzcgk/	direct:/zwgk/zdlyxxgk/snbt/zjzcgk/	enum-other-site
http://pt.fjsen.com/xw/2016-10/11/content_18560775.htm	direct:/jdhy/xwfbhs/	enum-other-site
http://pt.fjsen.com/xw/2016-10/11/content_18560775.htm	jdhy-root	enum-other-site
http://ptcdi.gov.cn/xxgk/xcgz/202606/t20260618_2221599.htm	direct:/zwgk/tzgg/	enum-other-site
http://ptcdi.gov.cn/xxgk/xcgz/202606/t20260618_2221599.htm	zwgk-root	enum-other-site
http://ptez.cn	direct:/zfxxgk/ggqsydwxxgk/jylyggqsydw/	enum-other-site
http://rst.fujian.gov.cn/zcjd/zcjd/bmzcwjjd/202310/t20231012_6272126.htm	direct:/zwgk/zdlyxxgk/jycy/zc/	enum-other-site
http://rst.fujian.gov.cn/zw/zfxxgk/zfxxgkml/zyywgz/jycj/202408/t20240828_6507731.htm	direct:/zwgk/zdlyxxgk/jycy/zc/	enum-other-site
http://sjt.fujian.gov.cn/zwgk/gsgg/sjjggg/201808/t20180813_3916466.htm	direct:/zwgk/zdlyxxgk/czzj/sjjggkzl/	enum-other-site
http://sjt.fujian.gov.cn/zwgk/gsgg/sjjggg/201812/t20181217_4710931.htm	direct:/zwgk/zdlyxxgk/czzj/sjjggkzl/	enum-other-site
http://sjt.fujian.gov.cn/zwgk/gsgg/sjjggg/201908/t20190821_4968259.htm	direct:/zwgk/zdlyxxgk/czzj/sjjggkzl/	enum-other-site
http://sjt.fujian.gov.cn/zwgk/gsgg/sjjggg/201912/t20191205_5145217.htm	direct:/zwgk/zdlyxxgk/czzj/sjjggkzl/	enum-other-site
http://sjt.fujian.gov.cn/zwgk/gsgg/sjjggg/202008/t20200811_5352665.htm	direct:/zwgk/zdlyxxgk/czzj/sjjggkzl/	enum-other-site
http://sjt.fujian.gov.cn/zwgk/gsgg/sjjggg/202012/t20201215_5491381.htm	direct:/zwgk/zdlyxxgk/czzj/sjjggkzl/	enum-other-site
http://sjt.fujian.gov.cn/zwgk/gsgg/sjjggg/202107/t20210729_5657391.htm	direct:/zwgk/zdlyxxgk/czzj/sjjggkzl/	enum-other-site
http://sjt.fujian.gov.cn/zwgk/gsgg/sjjggg/202112/t20211229_5804102.htm	direct:/zwgk/zdlyxxgk/czzj/sjjggkzl/	enum-other-site
http://sjt.fujian.gov.cn/zwgk/gsgg/sjjggg/202208/t20220805_5969088.htm	direct:/zwgk/zdlyxxgk/czzj/sjjggkzl/	enum-other-site
http://sjt.fujian.gov.cn/zwgk/gsgg/sjjggg/202308/t20230823_6234152.htm	direct:/zwgk/zdlyxxgk/czzj/sjjggkzl/	enum-other-site
http://sjt.fujian.gov.cn/zwgk/gsgg/sjjggg/202408/t20240830_6508942.htm	direct:/zwgk/zdlyxxgk/czzj/sjjggkzl/	enum-other-site
http://sjt.fujian.gov.cn/zwgk/gsgg/sjjggg/202509/t20250905_7001872.htm	direct:/zwgk/zdlyxxgk/czzj/sjjggkzl/	enum-other-site
http://wjw.fujian.gov.cn/xxgk/gzdt/wsjsyw/202002/t20200219_5199107.htm	direct:/jdhy/hygq/	enum-other-site
http://wjw.fujian.gov.cn/xxgk/gzdt/wsjsyw/202002/t20200219_5199107.htm	jdhy-root	enum-other-site
http://www.audit.gov.cn/n5/n26/c123614/content.html	direct:/zwgk/zdlyxxgk/czzj/sjjggkzl/	enum-other-site
http://www.audit.gov.cn/n5/n26/c129160/content.html	direct:/zwgk/zdlyxxgk/czzj/sjjggkzl/	enum-other-site
http://www.audit.gov.cn/n5/n26/c133000/content.html	direct:/zwgk/zdlyxxgk/czzj/sjjggkzl/	enum-other-site
http://www.audit.gov.cn/n5/n26/c136294/content.html	direct:/zwgk/zdlyxxgk/czzj/sjjggkzl/	enum-other-site
http://www.audit.gov.cn/n5/n26/c139905/content.html	direct:/zwgk/zdlyxxgk/czzj/sjjggkzl/	enum-other-site
http://www.audit.gov.cn/n5/n26/c142673/content.html	direct:/zwgk/zdlyxxgk/czzj/sjjggkzl/	enum-other-site
http://www.audit.gov.cn/n5/n26/c145346/content.html	direct:/zwgk/zdlyxxgk/czzj/sjjggkzl/	enum-other-site
http://www.cea.gov.cn/publish/dizhenj/465/102940/20170612170608918152537/index.html	direct:/jdhy/zcjd/szcjd/	enum-other-site
http://www.chengxiang.gov.cn/zfxxgk/gksq/	bmzfxxgk-root	enum-other-site
http://www.chengxiang.gov.cn/zfxxgk/xzgfxwj/	bmzfxxgk-root	enum-other-site
http://www.chengxiang.gov.cn/zfxxgk/zfxxgkndbg/	bmzfxxgk-root	enum-other-site
http://www.chengxiang.gov.cn/zwgk/gzbg/	direct:/zwgk/jhzj/xqgzbg/	enum-other-site
http://www.chinacdc.cn/jkzt/crb/zl/szkb_11803/jszl_2275/202002/t20200219_213364.html	direct:/jdhy/hygq/	enum-other-site
http://www.chinacdc.cn/jkzt/crb/zl/szkb_11803/jszl_2275/202002/t20200219_213364.html	jdhy-root	enum-other-site
http://www.chinasafety.gov.cn/newpage/Contents/Channel_4140/2017/0203/282797/content_282797.htm	direct:/jdhy/zcjd/szcjd/	enum-other-site
http://www.chinatax.gov.cn/chinatax/n810341/n810825/c101434/c5173058/content.html	direct:/zwgk/zdlyxxgk/jsjfssyhzcgkzl/	enum-other-site
http://www.fj.gov.cn/jdhy/hygq/202502/t20250210_6713017.htm	direct:/jdhy/hygq/	enum-other-site
http://www.fj.gov.cn/jdhy/hygq/202502/t20250210_6713017.htm	jdhy-root	enum-other-site
http://www.fj.gov.cn/zwgk/flfg/dfxfg/	direct:/zwgk/fgwj/fl/	enum-other-site
http://www.fj.gov.cn/zwgk/flfg/szfgz/	direct:/zwgk/fgwj/gz/	enum-other-site
http://www.fj.sgcc.com.cn/html/main/col2831/column_2831_1.html	direct:/zwgk/zdlyxxgk/xzsysf/ggqsydwsf/	enum-other-site
http://www.fjptyz.com/	direct:/zfxxgk/ggqsydwxxgk/jylyggqsydw/	enum-other-site
http://www.fjptzx.com/	direct:/zfxxgk/ggqsydwxxgk/jylyggqsydw/	enum-other-site
http://www.fujian.gov.cn/zwgk/zfxxgk/szfwj/jgzz/csjrzcwj/202107/t20210715_5649794.htm	direct:/zwgk/zdlyxxgk/shgysyjsly/tpgjly/fpzc/	enum-other-site
http://www.gov.cn/xinwen/2020-11/16/content_5561754.htm	direct:/zwgk/ptdt/ptyw/	enum-other-site
http://www.gov.cn/zhengce/content/2019-11/26/content_5455818.htm	direct:/zfxxgk/bmzfxxgk/ptsjj/zfxxgk/zfxxgkzd/	enum-other-site
http://www.gov.cn/zhengce/content/2020-01/08/content_5467526.htm	direct:/zfxxgk/bmzfxxgk/ptsjj/zfxxgk/zfxxgkzd/	enum-other-site
http://www.gov.cn/zhengce/content/2021-09/29/content_5639620.htm	direct:/zfxxgk/bmzfxxgk/ptsjj/zfxxgk/zfxxgkzd/	enum-other-site
http://www.gov.cn/zhengce/xzfgk/index.htm	direct:/zwgk/fgwj/xglj/	enum-other-site
http://www.gov.cn/zhuanti/2020qglh/index.htm	direct:/zwgk/ptdt/ptyw/	enum-other-site
http://www.kynyyyt.com/16-c-business.html	direct:/zwgk/zdlyxxgk/xzsysf/ggqsydwsf/	enum-other-site
http://www.kynyyyt.com/info-company.html	direct:/zfxxgk/ggqsydwxxgk/gqlyqsydw/	enum-other-site
http://www.mlr.gov.cn/xwdt/jrxw/201709/t20170908_1585894.htm	direct:/jdhy/zcjd/szcjd/	enum-other-site
http://www.ptcdi.gov.cn/xxgk/xcgz/202602/t20260213_2163238.htm	direct:/zwgk/tzgg/	enum-other-site
http://www.ptcdi.gov.cn/xxgk/xcgz/202602/t20260213_2163238.htm	zwgk-root	enum-other-site
http://www.ptcdi.gov.cn/xxgk/xcgz/202608/t20260821_2230850.htm	direct:/zwgk/tzgg/	enum-other-site
http://www.ptcdi.gov.cn/xxgk/xcgz/202608/t20260821_2230850.htm	zwgk-root	enum-other-site
http://www.ptd2sx.cn/	direct:/zfxxgk/ggqsydwxxgk/jylyggqsydw/	enum-other-site
http://www.pthj.gov.cn/zfxxgk/gksq/	bmzfxxgk-root	enum-other-site
http://www.pthj.gov.cn/zfxxgk/qzfwj/qt/202204/t20220426_1721519.htm	direct:/zwgk/zdlyxxgk/yata/zxta/	enum-other-site
http://www.pthj.gov.cn/zfxxgk/qzfwj/qt/202204/t20220426_1721531.htm	direct:/zwgk/zdlyxxgk/yata/zxta/	enum-other-site
http://www.pthj.gov.cn/zfxxgk/qzfwj/qt/202204/t20220429_1722255.htm	direct:/zwgk/zdlyxxgk/yata/zxta/	enum-other-site
http://www.pthj.gov.cn/zfxxgk/qzfwj/qt/202204/t20220429_1722263.htm	direct:/zwgk/zdlyxxgk/yata/rdya/	enum-other-site
http://www.pthj.gov.cn/zfxxgk/qzfwj/qt/202204/t20220429_1722294.htm	direct:/zwgk/zdlyxxgk/yata/zxta/	enum-other-site
http://www.pthj.gov.cn/zfxxgk/qzfwj/qt/202204/t20220429_1722367.htm	direct:/zwgk/zdlyxxgk/yata/rdya/	enum-other-site
http://www.pthj.gov.cn/zfxxgk/qzfwj/qt/202204/t20220429_1722401.htm	direct:/zwgk/zdlyxxgk/yata/zxta/	enum-other-site
http://www.pthj.gov.cn/zfxxgk/qzfwj/qt/202205/t20220516_1725402.htm	direct:/zwgk/zdlyxxgk/yata/rdya/	enum-other-site
http://www.pthj.gov.cn/zfxxgk/qzfwj/qt/202205/t20220516_1725405.htm	direct:/zwgk/zdlyxxgk/yata/rdya/	enum-other-site
http://www.pthj.gov.cn/zfxxgk/qzfwj/qt/202205/t20220516_1725408.htm	direct:/zwgk/zdlyxxgk/yata/rdya/	enum-other-site
http://www.pthj.gov.cn/zfxxgk/qzfwj/qt/202207/t20220710_1737851.htm	direct:/zwgk/zdlyxxgk/yata/zxta/	enum-other-site
http://www.pthj.gov.cn/zfxxgk/qzfwj/qt/202207/t20220715_1739406.htm	direct:/zwgk/zdlyxxgk/yata/zxta/	enum-other-site
http://www.pthj.gov.cn/zfxxgk/qzfwj/qt/202208/t20220803_1743356.htm	direct:/zwgk/zdlyxxgk/yata/zxta/	enum-other-site
http://www.pthj.gov.cn/zfxxgk/qzfwj/qt/202208/t20220803_1743359.htm	direct:/zwgk/zdlyxxgk/yata/zxta/	enum-other-site
http://www.pthj.gov.cn/zfxxgk/qzfwj/qt/202208/t20220803_1743360.htm	direct:/zwgk/zdlyxxgk/yata/zxta/	enum-other-site
http://www.pthj.gov.cn/zfxxgk/qzfwj/qt/202208/t20220803_1743361.htm	direct:/zwgk/zdlyxxgk/yata/zxta/	enum-other-site
http://www.pthj.gov.cn/zfxxgk/qzfwj/qt/202208/t20220803_1743362.htm	direct:/zwgk/zdlyxxgk/yata/zxta/	enum-other-site
http://www.pthj.gov.cn/zfxxgk/qzfwj/qt/202208/t20220803_1743381.htm	direct:/zwgk/zdlyxxgk/yata/zxta/	enum-other-site
http://www.pthj.gov.cn/zfxxgk/qzfwj/qt/202208/t20220803_1743385.htm	direct:/zwgk/zdlyxxgk/yata/zxta/	enum-other-site
http://www.pthj.gov.cn/zfxxgk/qzfwj/qt/202208/t20220803_1743396.htm	direct:/zwgk/zdlyxxgk/yata/zxta/	enum-other-site
http://www.pthj.gov.cn/zfxxgk/qzfwj/qt/202208/t20220803_1743400.htm	direct:/zwgk/zdlyxxgk/yata/zxta/	enum-other-site
http://www.pthj.gov.cn/zfxxgk/qzfwj/qt/202208/t20220803_1743409.htm	direct:/zwgk/zdlyxxgk/yata/zxta/	enum-other-site
http://www.pthj.gov.cn/zfxxgk/qzfwj/qt/202208/t20220803_1743422.htm	direct:/zwgk/zdlyxxgk/yata/zxta/	enum-other-site
http://www.pthj.gov.cn/zfxxgk/qzfwj/qt/202208/t20220803_1743427.htm	direct:/zwgk/zdlyxxgk/yata/zxta/	enum-other-site
http://www.pthj.gov.cn/zfxxgk/qzfwj/qt/202208/t20220803_1743429.htm	direct:/zwgk/zdlyxxgk/yata/zxta/	enum-other-site
http://www.pthj.gov.cn/zfxxgk/qzfwj/qt/202208/t20220803_1743431.htm	direct:/zwgk/zdlyxxgk/yata/zxta/	enum-other-site
http://www.pthj.gov.cn/zfxxgk/qzfwj/qt/202208/t20220803_1743432.htm	direct:/zwgk/zdlyxxgk/yata/zxta/	enum-other-site
http://www.pthj.gov.cn/zfxxgk/qzfwj/qt/202208/t20220803_1743434.htm	direct:/zwgk/zdlyxxgk/yata/zxta/	enum-other-site
http://www.pthj.gov.cn/zfxxgk/qzfwj/qt/202208/t20220803_1743435.htm	direct:/zwgk/zdlyxxgk/yata/zxta/	enum-other-site
http://www.pthj.gov.cn/zfxxgk/qzfwj/qt/202208/t20220803_1743436.htm	direct:/zwgk/zdlyxxgk/yata/zxta/	enum-other-site
http://www.pthj.gov.cn/zfxxgk/qzfwj/qt/202208/t20220818_1746716.htm	direct:/zwgk/zdlyxxgk/yata/zxta/	enum-other-site
http://www.pthj.gov.cn/zfxxgk/qzfwj/qt/202208/t20220818_1746718.htm	direct:/zwgk/zdlyxxgk/yata/zxta/	enum-other-site
http://www.pthj.gov.cn/zfxxgk/qzfwj/qt/202208/t20220818_1746723.htm	direct:/zwgk/zdlyxxgk/yata/zxta/	enum-other-site
http://www.pthj.gov.cn/zfxxgk/xzgfxwj/	bmzfxxgk-root	enum-other-site
http://www.pthj.gov.cn/zfxxgk/zfxxgkndbg/	bmzfxxgk-root	enum-other-site
http://www.pthj.gov.cn/zwgk/gzbg/	direct:/zwgk/jhzj/xqgzbg/	enum-other-site
http://www.ptlc.gov.cn/zfxxgkzl/xzgfxwj/	bmzfxxgk-root	enum-other-site
http://www.ptlc.gov.cn/zfxxgkzl/ysqgk/	bmzfxxgk-root	enum-other-site
http://www.ptlc.gov.cn/zfxxgkzl/zfxxgkndbg/	bmzfxxgk-root	enum-other-site
http://www.ptlc.gov.cn/zwgk/gzbg/	direct:/zwgk/jhzj/xqgzbg/	enum-other-site
http://www.ptlc.gov.cn/zwgk/zf/bzxzf/202305/t20230526_1821774.htm	direct:/zwgk/zdlyxxgk/ggzypzly/zfbzly/bzxajgcjsjh/	enum-other-site
http://www.ptsql.org/xwzx/202003/t20200318_1454889.htm	direct:/zwgk/ptdt/bmdt/	enum-other-site
http://www.ptsql.org/xwzx/202003/t20200331_1458706.htm	direct:/zwgk/ptdt/bmdt/	enum-other-site
http://www.ptsql.org/xwzx/202009/t20200904_1522227.htm	direct:/zwgk/ptdt/bmdt/	enum-other-site
http://www.ptsql.org/xwzx/202109/t20210908_1645068.htm	direct:/zwgk/ptdt/bmdt/	enum-other-site
http://www.ptsql.org/xwzx/202110/t20211022_1663756.htm	direct:/zwgk/ptdt/bmdt/	enum-other-site
http://www.ptsql.org/xwzx/202111/t20211117_1671524.htm	direct:/zwgk/ptdt/bmdt/	enum-other-site
http://www.ptsql.org/xwzx/202111/t20211123_1682642.htm	direct:/zwgk/ptdt/bmdt/	enum-other-site
http://www.ptsx.cn/	direct:/zfxxgk/ggqsydwxxgk/jylyggqsydw/	enum-other-site
http://www.ptwjm.gov.cn/tjsjqt/	direct:/zwgk/tjxx/tjsj/	enum-other-site
http://www.ptxy.gov.cn/zfxxgkzl/xzgfxwj/	bmzfxxgk-root	enum-other-site
http://www.ptxy.gov.cn/zfxxgkzl/ysqgk/	bmzfxxgk-root	enum-other-site
http://www.ptxy.gov.cn/zfxxgkzl/zfxxgkndbg/	bmzfxxgk-root	enum-other-site
http://www.ptxy.gov.cn/zwgk/gzbg/	direct:/zwgk/jhzj/xqgzbg/	enum-other-site
http://www.ptxy.gov.cn/zwgk/jytabl/rdjy/202209/t20220901_1749822.htm	direct:/zwgk/zdlyxxgk/yata/rdya/	enum-other-site
http://www.ptxy.gov.cn/zwgk/jytabl/rdjy/202209/t20220901_1749823.htm	direct:/zwgk/zdlyxxgk/yata/rdya/	enum-other-site
http://www.ptxy.gov.cn/zwgk/jytabl/rdjy/202209/t20220901_1749829.htm	direct:/zwgk/zdlyxxgk/yata/rdya/	enum-other-site
http://www.ptxy.gov.cn/zwgk/jytabl/zxta/202209/t20220901_1749835.htm	direct:/zwgk/zdlyxxgk/yata/zxta/	enum-other-site
http://www.ptxy.gov.cn/zwgk/jytabl/zxta/202209/t20220901_1749841.htm	direct:/zwgk/zdlyxxgk/yata/zxta/	enum-other-site
http://www.ptxy.gov.cn/zwgk/jytabl/zxta/202209/t20220901_1749843.htm	direct:/zwgk/zdlyxxgk/yata/zxta/	enum-other-site
http://www.ptxy.gov.cn/zwgk/jytabl/zxta/202209/t20220901_1749845.htm	direct:/zwgk/zdlyxxgk/yata/zxta/	enum-other-site
http://www.ptxy.gov.cn/zwgk/jytabl/zxta/202209/t20220901_1749846.htm	direct:/zwgk/zdlyxxgk/yata/zxta/	enum-other-site
http://www.ptxy.gov.cn/zwgk/jytabl/zxta/202209/t20220901_1749849.htm	direct:/zwgk/zdlyxxgk/yata/zxta/	enum-other-site
http://www.ptxy.gov.cn/zwgk/jytabl/zxta/202209/t20220901_1749850.htm	direct:/zwgk/zdlyxxgk/yata/zxta/	enum-other-site
http://www.ptxyfsyy.com.cn/	direct:/zfxxgk/ggqsydwxxgk/yllyggqsydw/	enum-other-site
http://www.xianyou.gov.cn/xxgk/jhgh/gzbg_1251/	direct:/zwgk/jhzj/xqgzbg/	enum-other-site
http://www.xianyou.gov.cn/xxgk/yjgl/yjgz/202306/t20230601_1822939.htm	direct:/zwgk/zdlyxxgk/shgysyjsly/zhsgjyly/szyl/	enum-other-site
http://www.xianyou.gov.cn/xxgk/zfxxgkzl/xzgfxwj/	bmzfxxgk-root	enum-other-site
http://www.xianyou.gov.cn/xxgk/zfxxgkzl/ysqgk/	bmzfxxgk-root	enum-other-site
http://www.xianyou.gov.cn/xxgk/zfxxgkzl/zfxxgkndbg/	bmzfxxgk-root	enum-other-site
http://wxgzh.ptswater.cn/mobile_news-915.html	direct:/zwgk/zdlyxxgk/xzsysf/ggqsydwsf/	enum-other-site
http://zzxszy.people.cn/n1/2025/0427/c458757-40469373.html	direct:/jdhy/hygq/	enum-other-site
http://zzxszy.people.cn/n1/2025/0427/c458757-40469373.html	jdhy-root	enum-other-site
http://zzxszy.people.cn/n1/2025/0714/c458757-40521184.html	direct:/jdhy/hygq/	enum-other-site
http://zzxszy.people.cn/n1/2025/0714/c458757-40521184.html	jdhy-root	enum-other-site
http://zzxszy.people.cn/n1/2026/0420/c458757-40705022.html	direct:/jdhy/hygq/	enum-other-site
http://zzxszy.people.cn/n1/2026/0420/c458757-40705022.html	jdhy-root	enum-other-site
https://h.xinhuaxmt.com/vh512/share/12801442?docid=12801442&newstype=1001&d=1350196&channel=weixinp&wxst=1761812441306&time=1761813336808	direct:/jdhy/hygq/	enum-other-site
https://h.xinhuaxmt.com/vh512/share/12801442?docid=12801442&newstype=1001&d=1350196&channel=weixinp&wxst=1761812441306&time=1761813336808	jdhy-root	enum-other-site
https://liuyan.www.gov.cn/2024wwzfgzbgtjy/bmdf.html?q=fj	direct:/zwgk/ptdt/ptyw/	enum-other-site
https://mp.weixin.qq.com/s/0jaYs6fyY-5u9byXihI7aQ	direct:/zwgk/zdlyxxgk/jycy/jygq/	enum-other-site
https://mp.weixin.qq.com/s/1-Uu0L35A_dE3ivvemuiUg	direct:/jdhy/hygq/	enum-other-site
https://mp.weixin.qq.com/s/1-Uu0L35A_dE3ivvemuiUg	jdhy-root	enum-other-site
https://mp.weixin.qq.com/s/1qmp9MfVZxKWO8koYTcExg	direct:/zwgk/zcwjk/zcwd/	enum-other-site
https://mp.weixin.qq.com/s/2ohHcvAFPw_4RkJALkG4Vw	direct:/jdhy/hygq/	enum-other-site
https://mp.weixin.qq.com/s/2ohHcvAFPw_4RkJALkG4Vw	jdhy-root	enum-other-site
https://mp.weixin.qq.com/s/48vtZZ-dZ-Yg1qnd87HxxQ	direct:/zwgk/zdlyxxgk/jycy/jygq/	enum-other-site
https://mp.weixin.qq.com/s/4ENO1NTGbI98yKv4BaACNg	direct:/zwgk/zcwjk/zcwd/	enum-other-site
https://mp.weixin.qq.com/s/8L3YWy0OkYkc0dF45decZw	direct:/zwgk/ptdt/bmdt/	enum-other-site
https://mp.weixin.qq.com/s/8XYO3vPYgG6QvYKaJpHcZw	direct:/zwgk/zdlyxxgk/jycy/jygq/	enum-other-site
https://mp.weixin.qq.com/s/Ce3gctK-4rvQLwfr1-HX7w	direct:/zwgk/zcwjk/zcwd/	enum-other-site
https://mp.weixin.qq.com/s/EW4h6XtW4YVAgj1t0eY-rA	direct:/zwgk/zcwjk/zcwd/	enum-other-site
https://mp.weixin.qq.com/s/EuZ6s68-E_QoqYuj2mrw2w	direct:/zwgk/zcwjk/zcwd/	enum-other-site
https://mp.weixin.qq.com/s/IX-g5-hnN0g9D8YZxjc1xw	direct:/jdhy/hygq/	enum-other-site
https://mp.weixin.qq.com/s/IX-g5-hnN0g9D8YZxjc1xw	jdhy-root	enum-other-site
https://mp.weixin.qq.com/s/M_4hHRvSe722Ckkf6wrnlw	direct:/zwgk/zdlyxxgk/jycy/jygq/	enum-other-site
https://mp.weixin.qq.com/s/NLPLNG6sFveEYcSMRzgQ2w	direct:/zwgk/zdlyxxgk/jycy/jygq/	enum-other-site
https://mp.weixin.qq.com/s/OO-0BxAsA1GUen2NeGgvOA	direct:/zwgk/zcwjk/zcwd/	enum-other-site
https://mp.weixin.qq.com/s/SGXrXEotnNc9yIAmKSNVdg	direct:/zwgk/zdlyxxgk/jycy/jygq/	enum-other-site
https://mp.weixin.qq.com/s/T21dIvmD8PIkdymJn54eKg	direct:/zwgk/zcwjk/zcwd/	enum-other-site
https://mp.weixin.qq.com/s/UcFk0jtr_YTz2rXjNW7R2w	direct:/zwgk/ptdt/bmdt/	enum-other-site
https://mp.weixin.qq.com/s/UxmR2jidCu9UZG1GjtspiQ	direct:/zwgk/zcwjk/zcwd/	enum-other-site
https://mp.weixin.qq.com/s/V9pVzH7FP2MQbSYuF6W2uw	direct:/jdhy/xwfbhs/	enum-other-site
https://mp.weixin.qq.com/s/V9pVzH7FP2MQbSYuF6W2uw	jdhy-root	enum-other-site
https://mp.weixin.qq.com/s/WS9oZgzbtdOytYfDaAbD1w	direct:/zwgk/ptdt/ptyw/	enum-other-site
https://mp.weixin.qq.com/s/XTarZpDEhHwL-x4YunZhAg	direct:/zwgk/zcwjk/zcwd/	enum-other-site
https://mp.weixin.qq.com/s/Xoe6FEF2aoXFKD7AXartkQ	direct:/zwgk/zdlyxxgk/jycy/jygq/	enum-other-site
https://mp.weixin.qq.com/s/YmNOcYWSX3dsHbQTfKq-cg	direct:/zwgk/zdlyxxgk/jycy/jygq/	enum-other-site
https://mp.weixin.qq.com/s/YpkeB0HGFX-yEZxRi2mHjA	direct:/zwgk/zdlyxxgk/shgysyjsly/zhsgjyly/gzdt/	enum-other-site
https://mp.weixin.qq.com/s/aPvAjcB9rC0duMNY-QJNiw	direct:/zwgk/zdlyxxgk/jycy/jygq/	enum-other-site
https://mp.weixin.qq.com/s/ahRn-a4ISpmpZZUGqwh2HA	direct:/zwgk/zdlyxxgk/jycy/jygq/	enum-other-site
https://mp.weixin.qq.com/s/cAGQhpeNikNJaDfBD90f5Q	direct:/zwgk/zdlyxxgk/jycy/jygq/	enum-other-site
https://mp.weixin.qq.com/s/dcKDJShCi0nEhzpqBebXBg	direct:/zwgk/zdlyxxgk/jycy/zc/	enum-other-site
https://mp.weixin.qq.com/s/gddpSw2wpfUjSqZd7xoUoQ	direct:/zwgk/zcwjk/zcwd/	enum-other-site
https://mp.weixin.qq.com/s/hlrMlahfXCVUwWQTzGKoGg	direct:/zwgk/zcwjk/zcwd/	enum-other-site
https://mp.weixin.qq.com/s/iDLXpAYiMcQcqlKFPq_qiQ	direct:/zwgk/zcwjk/zcwd/	enum-other-site
https://mp.weixin.qq.com/s/jTFxlMSZi5jEUiD4JBlQjA	direct:/zwgk/zcwjk/zcwd/	enum-other-site
https://mp.weixin.qq.com/s/kC2BiDltO1nZDfVWedlTyw	direct:/zwgk/ptdt/bmdt/	enum-other-site
https://mp.weixin.qq.com/s/kC2BiDltO1nZDfVWedlTyw	direct:/zwgk/zdlyxxgk/jycy/jygq/	enum-other-site
https://mp.weixin.qq.com/s/kidJYGcMZV5OkRDLjJckrw	direct:/zwgk/zdlyxxgk/jycy/jygq/	enum-other-site
https://mp.weixin.qq.com/s/nQ0gWjk35YNsDcjNYI1N2Q	direct:/zwgk/zcwjk/zcwd/	enum-other-site
https://mp.weixin.qq.com/s/nYaquFHJvH05gb7WvFbEKg	direct:/zwgk/ptdt/ptyw/	enum-other-site
https://mp.weixin.qq.com/s/oCAPcCV00-vfRP98tcjlRQ	direct:/zwgk/zdlyxxgk/jycy/jygq/	enum-other-site
https://mp.weixin.qq.com/s/pj2DsbrgknJhKotdL04iWw	direct:/jdhy/hygq/	enum-other-site
https://mp.weixin.qq.com/s/pj2DsbrgknJhKotdL04iWw	jdhy-root	enum-other-site
https://mp.weixin.qq.com/s/qC0VzWds3znJ17LwAS7Brg	direct:/zwgk/zcwjk/zcwd/	enum-other-site
https://mp.weixin.qq.com/s/rjZWzVMnZJPLKpDGzNMTtg	direct:/zwgk/zcwjk/zcwd/	enum-other-site
https://mp.weixin.qq.com/s/s_o-8BLeb5j7oWpJC68dkQ	direct:/zwgk/zcwjk/zcwd/	enum-other-site
https://mp.weixin.qq.com/s/sgeFLIw0XU_XKueDjxIhRQ	direct:/jdhy/xwfbhs/	enum-other-site
https://mp.weixin.qq.com/s/sgeFLIw0XU_XKueDjxIhRQ	jdhy-root	enum-other-site
https://mp.weixin.qq.com/s/tFaXOCuC8ef6PYc5U5rp_g	direct:/zwgk/zdlyxxgk/jycy/jygq/	enum-other-site
https://mp.weixin.qq.com/s/tIjiPCbvJJ5KlzCLTmoL4g	direct:/zwgk/zcwjk/zcwd/	enum-other-site
https://mp.weixin.qq.com/s/wX3U4nKd014DCAAw7p6yRQ	direct:/jdhy/xwfbhs/	enum-other-site
https://mp.weixin.qq.com/s/wX3U4nKd014DCAAw7p6yRQ	jdhy-root	enum-other-site
https://mp.weixin.qq.com/s/zswSXhheVKrzoK_F8aCC_w	direct:/zwgk/ptdt/bmdt/	enum-other-site
https://mp.weixin.qq.com/s?__biz=MzkyNTE2OTk0OQ==&mid=2247498156&idx=1&sn=cd2650844de89fd952d881049ce301a0&chksm=c0fe3dc9d736452b149c0d6347208058e3641398a882682952be97ff7174171d017fd361e943&mpshare=1&scene=1&srcid=1031IY4LzKNfiXyWxZfAuQHR&sharer_shareinfo	direct:/zwgk/ptdt/bmdt/	enum-other-site
https://wt.ptswater.cn/h5/	direct:/zfxxgk/ggqsydwxxgk/ptsswjtyxgs/	enum-other-site
https://wt.ptswater.cn/h5/#/home	direct:/zfxxgk/ggqsydwxxgk/ptsswjtyxgs/	enum-other-site
https://www.audit.gov.cn/n4/n19/c10338025/content.html	direct:/zwgk/zdlyxxgk/czzj/sjjggkzl/	enum-other-site
https://www.audit.gov.cn/n5/n26/c10180212/content.html	direct:/zwgk/zdlyxxgk/czzj/sjjggkzl/	enum-other-site
https://www.audit.gov.cn/n5/n26/c10252052/content.html	direct:/zwgk/zdlyxxgk/czzj/sjjggkzl/	enum-other-site
https://www.audit.gov.cn/n5/n26/c10423410/content.html	direct:/zwgk/zdlyxxgk/czzj/sjjggkzl/	enum-other-site
https://www.audit.gov.cn/n5/n26/c10619920/content.html	direct:/zwgk/zdlyxxgk/czzj/sjjggkzl/	enum-other-site
https://www.fujian.gov.cn/jdhy/hygq/202411/t20241112_6565025.htm	direct:/jdhy/hygq/	enum-other-site
https://www.fujian.gov.cn/jdhy/hygq/202411/t20241112_6565025.htm	jdhy-root	enum-other-site
https://www.fujian.gov.cn/jdhy/hygq/202601/t20260121_7083219.htm	direct:/jdhy/hygq/	enum-other-site
https://www.fujian.gov.cn/jdhy/hygq/202601/t20260121_7083219.htm	jdhy-root	enum-other-site
https://www.fujian.gov.cn/xwdt/fjyw/202312/t20231215_6336728.htm	direct:/zwgk/ptdt/ptyw/	enum-other-site
https://www.fujian.gov.cn/zwgk/zxwj/szfbgtwj/202309/t20230920_6261722.htm	direct:/zwgk/zdlyxxgk/shgysyjsly/zhsgjyly/zhjzxqxx/	enum-other-site
https://www.gov.cn/zhengce/zczhjd/	direct:/zwgk/ptdt/ptyw/	enum-other-site
https://www.ptsyy.com/	direct:/zfxxgk/ggqsydwxxgk/yllyggqsydw/	enum-other-site
https://www.putian.gov.cn/ggfwpt/jyly/gzjy/zz/202605/t20260525_2217559.htm	direct:/jdhy/hygq/	enum-out-of-scope-path
https://www.putian.gov.cn/ggfwpt/jyly/gzjy/zz/202605/t20260525_2217559.htm	jdhy-root	enum-out-of-scope-path
https://www.putian.gov.cn/gzcy/myzj/detail.htm?id=10074	direct:/zwgk/zdlyxxgk/zdxcjcsx/lfyjzj/	enum-out-of-scope-path
https://www.putian.gov.cn/gzcy/myzj/detail.htm?id=10097	direct:/zwgk/zdlyxxgk/zdxcjcsx/lfyjzj/	enum-out-of-scope-path
https://www.putian.gov.cn/gzcy/myzj/detail.htm?id=11116	direct:/zwgk/zdlyxxgk/zdxcjcsx/lfyjzj/	enum-out-of-scope-path
https://www.putian.gov.cn/gzcy/myzj/detail.htm?id=11360	direct:/zwgk/zdlyxxgk/zdxcjcsx/lfyjzj/	enum-out-of-scope-path
https://www.putian.gov.cn/gzcy/myzj/detail.htm?id=12154	direct:/zwgk/zdlyxxgk/zdxcjcsx/lfyjzj/	enum-out-of-scope-path
https://www.putian.gov.cn/gzcy/myzj/detail.htm?id=12657	direct:/zwgk/zdlyxxgk/zdxcjcsx/lfyjzj/	enum-out-of-scope-path
https://www.putian.gov.cn/gzcy/myzj/detail.htm?id=13001	direct:/zwgk/zdlyxxgk/zdxcjcsx/lfyjzj/	enum-out-of-scope-path
https://www.putian.gov.cn/gzcy/myzj/detail.htm?id=13014	direct:/zwgk/zdlyxxgk/zdxcjcsx/lfyjzj/	enum-out-of-scope-path
https://www.putian.gov.cn/gzcy/myzj/detail.htm?id=13394	direct:/zwgk/zdlyxxgk/zdxcjcsx/lfyjzj/	enum-out-of-scope-path
https://www.putian.gov.cn/gzcy/myzj/detail.htm?id=14095	direct:/zwgk/zdlyxxgk/zdxcjcsx/lfyjzj/	enum-out-of-scope-path
https://www.putian.gov.cn/gzcy/myzj/detail.htm?id=4832	direct:/zwgk/zdlyxxgk/zdxcjcsx/lfyjzj/	enum-out-of-scope-path
https://www.putian.gov.cn/gzcy/myzj/detail.htm?id=4900	direct:/zwgk/zdlyxxgk/zdxcjcsx/lfyjzj/	enum-out-of-scope-path
https://www.putian.gov.cn/gzcy/myzj/detail.htm?id=5199	direct:/zwgk/zdlyxxgk/zdxcjcsx/lfyjzj/	enum-out-of-scope-path
https://www.putian.gov.cn/gzcy/myzj/detail.htm?id=5421	direct:/zwgk/zdlyxxgk/zdxcjcsx/lfyjzj/	enum-out-of-scope-path
https://www.putian.gov.cn/gzcy/myzj/detail.htm?id=6039	direct:/zwgk/zdlyxxgk/zdxcjcsx/lfyjzj/	enum-out-of-scope-path
https://www.putian.gov.cn/gzcy/myzj/detail.htm?id=6633	direct:/zwgk/zdlyxxgk/zdxcjcsx/lfyjzj/	enum-out-of-scope-path
https://www.putian.gov.cn/gzcy/myzj/detail.htm?id=7615	direct:/zwgk/zdlyxxgk/zdxcjcsx/lfyjzj/	enum-out-of-scope-path
https://www.putian.gov.cn/gzcy/myzj/detail.htm?id=7996	direct:/zwgk/zdlyxxgk/zdxcjcsx/lfyjzj/	enum-out-of-scope-path
https://www.putian.gov.cn/gzcy/myzj/detail.htm?id=8995	direct:/zwgk/zdlyxxgk/zdxcjcsx/lfyjzj/	enum-out-of-scope-path
https://www.putian.gov.cn/gzcy/myzj/detail.htm?id=9539	direct:/zwgk/zdlyxxgk/zdxcjcsx/lfyjzj/	enum-out-of-scope-path
https://www.putian.gov.cn/gzcy/myzj/detail.htm?id=9595	direct:/zwgk/zdlyxxgk/zdxcjcsx/lfyjzj/	enum-out-of-scope-path
https://www.putian.gov.cn/gzcy/myzj/detail.htm?id=9834	direct:/zwgk/zdlyxxgk/zdxcjcsx/lfyjzj/	enum-out-of-scope-path
https://www.putian.gov.cn/gzcy/myzj/detail.htm?id=9894	direct:/zwgk/zdlyxxgk/zdxcjcsx/lfyjzj/	enum-out-of-scope-path
https://www.putian.gov.cn/gzcy/zxft/ftzb/201504/t20150429_183273.htm	direct:/jdhy/zcjd/szcjd/	enum-out-of-scope-path
https://www.putian.gov.cn/gzcy/zxft/ftzb/201506/t20150611_184740.htm	direct:/jdhy/zcjd/szcjd/	enum-out-of-scope-path
https://www.putian.gov.cn/gzcy/zxft/ftzb/201507/t20150710_198290.htm	direct:/jdhy/zcjd/szcjd/	enum-out-of-scope-path
https://www.putian.gov.cn/gzcy/zxft/ftzb/201508/t20150813_200560.htm	direct:/jdhy/zcjd/szcjd/	enum-out-of-scope-path
https://www.putian.gov.cn/gzcy/zxft/ftzb/201509/t20150922_217230.htm	direct:/jdhy/zcjd/szcjd/	enum-out-of-scope-path
https://www.putian.gov.cn/gzcy/zxft/ftzb/201706/t20170626_557655.htm	direct:/jdhy/zcjd/szcjd/	enum-out-of-scope-path
https://www.putian.gov.cn/gzcy/zxft/ftzb/201707/t20170724_588017.htm	direct:/jdhy/zcjd/szcjd/	enum-out-of-scope-path
https://www.putian.gov.cn/gzcy/zxft/ftzb/201708/t20170817_661125.html	direct:/jdhy/zcjd/szcjd/	enum-out-of-scope-path
https://www.putian.gov.cn/gzcy/zxft/ftzb/201709/t20170904_662272.htm	direct:/jdhy/zcjd/szcjd/	enum-out-of-scope-path
https://www.putian.gov.cn/gzcy/zxft/ftzb/201709/t20170911_663334.htm	direct:/jdhy/zcjd/szcjd/	enum-out-of-scope-path
https://www.putian.gov.cn/gzcy/zxft/ftzb/201710/t20171024_721018.htm	direct:/jdhy/zcjd/szcjd/	enum-out-of-scope-path
https://www.putian.gov.cn/gzcy/zxft/ftzb/201710/t20171024_721018.html	direct:/jdhy/zcjd/szcjd/	enum-out-of-scope-path
https://www.putian.gov.cn/gzcy/zxft/ftzb/201711/t20171113_735453.html	direct:/jdhy/zcjd/szcjd/	enum-out-of-scope-path
https://www.putian.gov.cn/ptgjj/xxgk/xwzx/gzdt/202303/t20230329_1808828.htm	direct:/jdhy/hygq/	enum-out-of-scope-path
https://www.putian.gov.cn/ptgjj/xxgk/xwzx/gzdt/202303/t20230329_1808828.htm	jdhy-root	enum-out-of-scope-path
https://www.putian.gov.cn/ptgjj/xxgk/zfgjdknll/202304/t20230407_1811250.htm	direct:/jdhy/hygq/	enum-out-of-scope-path
https://www.putian.gov.cn/ptgjj/xxgk/zfgjdknll/202304/t20230407_1811250.htm	jdhy-root	enum-out-of-scope-path
https://www.putian.gov.cn/ptgjj/xxgk/zfgjjnb/202303/t20230330_1808962.htm	direct:/jdhy/hygq/	enum-out-of-scope-path
https://www.putian.gov.cn/ptgjj/xxgk/zfgjjnb/202303/t20230330_1808962.htm	jdhy-root	enum-out-of-scope-path
https://www.putian.gov.cn/ptybj/zfxxgk/	bmzfxxgk-root	enum-out-of-scope-path
https://www.putian.gov.cn/ptybj/zfxxgk/	direct:/zfxxgk/bmzfxxgk/	enum-out-of-scope-path
https://www.putian.gov.cn/ptybj/zfxxgk/gksq/	bmzfxxgk-root	enum-out-of-scope-path
https://www.putian.gov.cn/ptybj/zfxxgk/zc/xzgfxwj/	bmzfxxgk-root	enum-out-of-scope-path
https://www.putian.gov.cn/ptybj/zfxxgk/zfxxgknb/	bmzfxxgk-root	enum-out-of-scope-path
https://www.putian.gov.cn/ptybj/zwgk/tzgg/202602/t20260206_2120844.htm	direct:/zwgk/zdlyxxgk/czzj/bmys/	enum-out-of-scope-path
https://www.putian.gov.cn/ptybj/zwgk/tzgg/202602/t20260206_2120845.htm	direct:/zwgk/zdlyxxgk/czzj/dwys/	enum-out-of-scope-path
https://www.putian.gov.cn/ptybj/zwgk/tzgg/202602/t20260206_2120852.htm	direct:/zwgk/zdlyxxgk/czzj/dwys/	enum-out-of-scope-path
https://www.putian.gov.cn/ptybj/zwgk/tzgg/202602/t20260209_2120988.htm	direct:/zwgk/zdlyxxgk/czzj/dwys/	enum-out-of-scope-path
https://www.putian.gov.cn/ztzl/njgzbtzt/gjbt/pts/201804/t20180404_968172.htm	direct:/zwgk/zdlyxxgk/snbt/snxmbt/	enum-out-of-scope-path
https://www.putian.gov.cn/ztzl/njgzbtzt/gjbt/pts/202002/t20200221_1448583.htm	direct:/zwgk/zdlyxxgk/snbt/snxmbt/	enum-out-of-scope-path
https://www.putian.gov.cn/ztzl/njgzbtzt/gjbt/pts/202003/t20200318_1454902.htm	direct:/zwgk/zdlyxxgk/snbt/snxmbt/	enum-out-of-scope-path
https://www.putian.gov.cn/ztzl/njgzbtzt/gjbt/pts/202004/t20200420_1463533.htm	direct:/zwgk/zdlyxxgk/snbt/snxmbt/	enum-out-of-scope-path
https://www.putian.gov.cn/ztzl/njgzbtzt/gjbt/pts/202004/t20200424_1464762.htm	direct:/zwgk/zdlyxxgk/snbt/snxmbt/	enum-out-of-scope-path
https://www.putian.gov.cn/ztzl/njgzbtzt/gjbt/pts/202004/t20200424_1464772.htm	direct:/zwgk/zdlyxxgk/snbt/snxmbt/	enum-out-of-scope-path
https://www.putian.gov.cn/ztzl/njgzbtzt/gjbt/pts/202005/t20200507_1466916.htm	direct:/zwgk/zdlyxxgk/snbt/snxmbt/	enum-out-of-scope-path
https://www.putian.gov.cn/ztzl/njgzbtzt/gjbt/pts/202007/t20200706_1506546.htm	direct:/zwgk/zdlyxxgk/snbt/snxmbt/	enum-out-of-scope-path
https://www.putian.gov.cn/ztzl/njgzbtzt/gjbt/pts/202007/t20200706_1506547.htm	direct:/zwgk/zdlyxxgk/snbt/snxmbt/	enum-out-of-scope-path
https://www.putian.gov.cn/ztzl/njgzbtzt/gjbt/pts/202008/t20200804_1514518.htm	direct:/zwgk/zdlyxxgk/snbt/snxmbt/	enum-out-of-scope-path
https://www.putian.gov.cn/ztzl/njgzbtzt/gjbt/pts/202008/t20200804_1514519.htm	direct:/zwgk/zdlyxxgk/snbt/snxmbt/	enum-out-of-scope-path
https://www.putian.gov.cn/ztzl/njgzbtzt/gjbt/pts/202008/t20200804_1514520.htm	direct:/zwgk/zdlyxxgk/snbt/snxmbt/	enum-out-of-scope-path
https://www.putian.gov.cn/ztzl/njgzbtzt/gjbt/pts/202008/t20200813_1516668.htm	direct:/zwgk/zdlyxxgk/snbt/snxmbt/	enum-out-of-scope-path
https://www.putian.gov.cn/ztzl/njgzbtzt/gjbt/pts/202008/t20200818_1517792.htm	direct:/zwgk/zdlyxxgk/snbt/snxmbt/	enum-out-of-scope-path
https://www.putian.gov.cn/ztzl/njgzbtzt/gjbt/pts/202008/t20200824_1519698.htm	direct:/zwgk/zdlyxxgk/snbt/snxmbt/	enum-out-of-scope-path
https://www.putian.gov.cn/ztzl/njgzbtzt/gjbt/pts/202008/t20200824_1519700.htm	direct:/zwgk/zdlyxxgk/snbt/snxmbt/	enum-out-of-scope-path
https://www.putian.gov.cn/ztzl/njgzbtzt/gjbt/pts/202009/t20200908_1522962.htm	direct:/zwgk/zdlyxxgk/snbt/snxmbt/	enum-out-of-scope-path
https://www.putian.gov.cn/ztzl/njgzbtzt/gjbt/pts/202011/t20201103_1535465.htm	direct:/zwgk/zdlyxxgk/snbt/snxmbt/	enum-out-of-scope-path
https://www.putian.gov.cn/ztzl/njgzbtzt/gjbt/pts/202012/t20201201_1548653.htm	direct:/zwgk/zdlyxxgk/snbt/snxmbt/	enum-out-of-scope-path
https://www.putian.gov.cn/ztzl/njgzbtzt/gjbt/pts/202101/t20210104_1558264.htm	direct:/zwgk/zdlyxxgk/snbt/snxmbt/	enum-out-of-scope-path
https://www.putian.gov.cn/ztzl/njgzbtzt/gjbt/pts/202101/t20210104_1558269.htm	direct:/zwgk/zdlyxxgk/snbt/snxmbt/	enum-out-of-scope-path
https://www.putian.gov.cn/ztzl/njgzbtzt/gjbt/pts/202108/t20210803_1633374.htm	direct:/zwgk/zdlyxxgk/snbt/snxmbt/	enum-out-of-scope-path
https://www.putian.gov.cn/ztzl/njgzbtzt/gjbt/pts/202108/t20210803_1633385.htm	direct:/zwgk/zdlyxxgk/snbt/snxmbt/	enum-out-of-scope-path
https://www.putian.gov.cn/ztzl/njgzbtzt/gjbt/pts/202109/t20210907_1644861.htm	direct:/zwgk/zdlyxxgk/snbt/snxmbt/	enum-out-of-scope-path
https://www.putian.gov.cn/ztzl/njgzbtzt/gjbt/pts/202110/t20211025_1664246.htm	direct:/zwgk/zdlyxxgk/snbt/snxmbt/	enum-out-of-scope-path
https://www.putian.gov.cn/ztzl/njgzbtzt/gjbt/pts/202110/t20211028_1665459.htm	direct:/zwgk/zdlyxxgk/snbt/snxmbt/	enum-out-of-scope-path
https://www.putian.gov.cn/ztzl/njgzbtzt/tzgs/202307/t20230724_1840718.htm	direct:/zwgk/zdlyxxgk/snbt/snxmbt/	enum-out-of-scope-path
https://www.putian.gov.cn/ztzl/nygjcjgxgg/202102/t20210228_1577196.htm	direct:/zwgk/zdlyxxgk/shgysyjsly/tpgjly/gzqk/	enum-out-of-scope-path
https://www.putian.gov.cn/ztzl/nygjcjgxgg/202304/t20230410_1811726.htm	direct:/zwgk/zdlyxxgk/snbt/snxmbt/	enum-out-of-scope-path
https://www.putian.gov.cn/ztzl/ptggdtzt/dtxx/202102/t20210225_1576853.htm	direct:/zwgk/zdlyxxgk/shgysyjsly/zhsgjyly/gzdt/	enum-out-of-scope-path
https://www.putian.gov.cn/ztzl/sthjbhjd/202207/t20220725_1740840.htm	direct:/zwgk/ptdt/ptyw/	enum-out-of-scope-path
https://www.putian.gov.cn/ztzl/tcyqfkhjjshfz/gzdt/202208/t20220809_1744758.htm	direct:/jdhy/xwfbhs/	enum-out-of-scope-path
https://www.putian.gov.cn/ztzl/tcyqfkhjjshfz/gzdt/202208/t20220809_1744758.htm	jdhy-root	enum-out-of-scope-path
https://www.putian.gov.cn/ztzl/tcyqfkhjjshfz/yqdt/qptsyqdt/202109/t20210918_1648516.htm	direct:/jdhy/xwfbhs/	enum-out-of-scope-path
https://www.putian.gov.cn/ztzl/tcyqfkhjjshfz/yqdt/qptsyqdt/202109/t20210918_1648516.htm	jdhy-root	enum-out-of-scope-path
https://www.putian.gov.cn/ztzl/tcyqfkhjjshfz/yqdt/qptsyqdt/202109/t20210921_1649500.htm	direct:/jdhy/xwfbhs/	enum-out-of-scope-path
https://www.putian.gov.cn/ztzl/tcyqfkhjjshfz/yqdt/qptsyqdt/202109/t20210921_1649500.htm	jdhy-root	enum-out-of-scope-path
https://www.putian.gov.cn/ztzl/tcyqfkhjjshfz/yqdt/qptsyqdt/202109/t20210922_1649869.htm	direct:/jdhy/xwfbhs/	enum-out-of-scope-path
https://www.putian.gov.cn/ztzl/tcyqfkhjjshfz/yqdt/qptsyqdt/202109/t20210922_1649869.htm	jdhy-root	enum-out-of-scope-path
https://www.putian.gov.cn/ztzl/tyxxzt/tzgg/202507/t20250724_2007227.htm	direct:/zwgk/zdlyxxgk/ssjcc/	enum-out-of-scope-path
https://www.putian.gov.cn/ztzl/xxgcxjpxsdzgtsshzysxztjy/jhqw/202607/t20260702_2223543.htm	direct:/zwgk/ptdt/szyw/	enum-out-of-scope-path
https://www.putian.gov.cn/ztzl/xxgcxjpxsdzgtsshzysxztjy/xxsj/202509/t20250922_2019518.htm	direct:/zwgk/ptdt/szyw/	enum-out-of-scope-path
https://wxgzh.ptswater.cn/mobile_lists-105.html	direct:/zfxxgk/ggqsydwxxgk/ptsswjtyxgs/	enum-other-site
https://wxgzh.ptswater.cn/mobile_sjxx.html	direct:/zfxxgk/ggqsydwxxgk/ptsswjtyxgs/	enum-other-site
https://wxgzh.ptswater.cn/mobile_slists-104-1.html	direct:/zfxxgk/ggqsydwxxgk/ptsswjtyxgs/	enum-other-site
https://zwfw.fujian.gov.cn/sort-list?key=%E5%B0%B1%E4%B8%9A%E5%88%9B%E4%B8%9A&unid=CE98335BF288B8C3E0536B0E010A42DC&isQ=1	direct:/zwgk/zdlyxxgk/jycy/gwykl/	enum-other-site
